dataset,file_id,segment,start_s,end_s,rpm,true_label,predicted_label,score_BPFO,score_BPFI,score_BSF_2x,background_amplitude
OR007@6_0,130,1,0.0,1.0,1796.0,Outer Race,Outer Race,80.41226956656969,16.95486573826179,12.719256276034452,0.004493964120812618
OR007@6_0,130,2,1.0,2.0,1796.0,Outer Race,Outer Race,83.08953532465024,17.78172120325888,12.574990046541371,0.004134363079041167
OR007@6_0,130,3,2.0,3.0,1796.0,Outer Race,Outer Race,87.00518387694216,19.116217399622563,13.55926290056847,0.0041274249263303624
OR007@6_0,130,4,3.0,4.0,1796.0,Outer Race,Outer Race,85.99201490156581,18.163252958981193,13.16751308607467,0.0043427288516055575
OR007@6_0,130,5,4.0,5.0,1796.0,Outer Race,Outer Race,82.56484162178742,17.053859751213924,13.063465656620982,0.004314978807381374
OR007@6_0,130,6,5.0,6.0,1796.0,Outer Race,Outer Race,76.66835499770598,15.979147467392778,11.297534478588856,0.004560353628349709
OR007@6_0,130,7,6.0,7.0,1796.0,Outer Race,Outer Race,77.28262198395038,15.966445106149699,11.748815567711409,0.004701302864159815
OR007@6_0,130,8,7.0,8.0,1796.0,Outer Race,Outer Race,84.16500698564265,17.58130866722046,13.275746495118325,0.00444440386163987
OR007@6_0,130,9,8.0,9.0,1796.0,Outer Race,Outer Race,78.93084650012771,16.94240117101862,11.788850385767468,0.004457135475650655
OR007@6_0,130,10,9.0,10.0,1796.0,Outer Race,Outer Race,79.45923792246136,17.064898647153928,12.783511907416338,0.00445517199722676
IR007_0,105,1,0.0,1.0,1797.0,Inner Race,Inner Race,8.319776043123655,32.67324809431947,4.644338624021699,0.002671219399292309
IR007_0,105,2,1.0,2.0,1797.0,Inner Race,Inner Race,9.273031076429657,35.713521078996045,5.013492844892331,0.0024116854880707984
IR007_0,105,3,2.0,3.0,1797.0,Inner Race,Inner Race,7.932916374388306,33.72021242169194,5.258078996269329,0.0025723560205479297
IR007_0,105,4,3.0,4.0,1797.0,Inner Race,Inner Race,8.74448428135273,34.20707293341806,4.977808017085045,0.0025836077854152987
IR007_0,105,5,4.0,5.0,1797.0,Inner Race,Inner Race,8.528956028353013,33.87041254342407,4.709887667105417,0.0025850584599641487
IR007_0,105,6,5.0,6.0,1797.0,Inner Race,Inner Race,8.075386013289814,32.18570966167818,3.871089998463638,0.0027789661850692567
IR007_0,105,7,6.0,7.0,1797.0,Inner Race,Inner Race,8.75526850005478,35.19919752735432,5.106314498337109,0.002525114860961117
IR007_0,105,8,7.0,8.0,1797.0,Inner Race,Inner Race,7.682925006370856,32.68031654690202,4.726880603249076,0.0026987129724194057
IR007_0,105,9,8.0,9.0,1797.0,Inner Race,Inner Race,7.9530166852506055,32.54430963083366,3.9754771421373505,0.0026618761092139743
IR007_0,105,10,9.0,10.0,1797.0,Inner Race,Inner Race,7.950128709818678,33.03945655852666,3.792312611451738,0.0026942034350160363
B007_0,118,1,0.0,1.0,1796.0,Ball,Inner Race,4.041237372915613,4.731601611957788,3.144042777014176,0.0020932285860126663
B007_0,118,2,1.0,2.0,1796.0,Ball,Outer Race,3.5346763551524574,3.2092271672712585,2.6158931109540995,0.0022153776978034037
B007_0,118,3,2.0,3.0,1796.0,Ball,Outer Race,5.452647952687514,4.136142936528896,3.0270143385871804,0.0022340405488732243
B007_0,118,4,3.0,4.0,1796.0,Ball,Outer Race,5.603365101655302,4.4130036475529275,2.847914632276146,0.0022196503183066095
B007_0,118,5,4.0,5.0,1796.0,Ball,Outer Race,5.755255330636448,4.2254510162125785,3.8531116208026384,0.0021412687086843113
B007_0,118,6,5.0,6.0,1796.0,Ball,Outer Race,5.823823332798905,4.390197781946541,3.1391484143946595,0.0021085092758671648
B007_0,118,7,6.0,7.0,1796.0,Ball,Outer Race,4.8640399084907076,3.3227612096007184,3.9808144314446565,0.0021208039387392323
B007_0,118,8,7.0,8.0,1796.0,Ball,Outer Race,4.257225450135321,4.107064753654725,3.1078858287443425,0.002249971406593735
B007_0,118,9,8.0,9.0,1796.0,Ball,Outer Race,5.86481330567964,3.7282885378607316,3.881855127461534,0.0021872301054874812
B007_0,118,10,9.0,10.0,1796.0,Ball,Outer Race,5.70793198716576,4.244447161104849,2.7820206812742487,0.0022072840312388573
