dataset,file_id,segment,start_s,end_s,rpm,true_label,predicted_label,score_BPFO,score_BPFI,score_Normal,max_fault_score,normal_threshold,background_amplitude
OR007@6_0,130,1,0.0,1.0,1796.0,Outer Race,Outer Race,78.68670928819739,16.591032668995418,-78.68670928819739,78.68670928819739,10.0,0.004592514511970833
OR007@6_0,130,2,1.0,2.0,1796.0,Outer Race,Outer Race,82.45423489547558,17.64576262474769,-82.45423489547558,82.45423489547558,10.0,0.004166217872694985
OR007@6_0,130,3,2.0,3.0,1796.0,Outer Race,Outer Race,84.96828470123317,18.66868306053034,-84.96828470123317,84.96828470123317,10.0,0.004226369473225764
OR007@6_0,130,4,3.0,4.0,1796.0,Outer Race,Outer Race,84.96205295596225,17.945704162415186,-84.96205295596225,84.96205295596225,10.0,0.004395374065575925
OR007@6_0,130,5,4.0,5.0,1796.0,Outer Race,Outer Race,80.76936892792928,16.683002871860197,-80.76936892792928,80.76936892792928,10.0,0.004410899163403257
OR007@6_0,130,6,5.0,6.0,1796.0,Outer Race,Outer Race,73.02816171070998,15.220461757435094,-73.02816171070998,73.02816171070998,10.0,0.0047876709847691
OR007@6_0,130,7,6.0,7.0,1796.0,Outer Race,Outer Race,75.42865386118925,15.58341876076038,-75.42865386118925,75.42865386118925,10.0,0.004816856638480619
OR007@6_0,130,8,7.0,8.0,1796.0,Outer Race,Outer Race,83.51187524451196,17.444875354226895,-83.51187524451196,83.51187524451196,10.0,0.004479162765375917
OR007@6_0,130,9,8.0,9.0,1796.0,Outer Race,Outer Race,77.24090477783245,16.57965742906823,-77.24090477783245,77.24090477783245,10.0,0.004554652448346527
OR007@6_0,130,10,9.0,10.0,1796.0,Outer Race,Outer Race,77.13237126630013,16.565173949421727,-77.13237126630013,77.13237126630013,10.0,0.004589572003315247
IR007_0,105,1,0.0,1.0,1797.0,Inner Race,Inner Race,8.377549430809948,32.900134517624544,-32.900134517624544,32.900134517624544,10.0,0.0026527980942048215
IR007_0,105,2,1.0,2.0,1797.0,Inner Race,Inner Race,9.296529023780623,35.804019474948255,-35.804019474948255,35.804019474948255,10.0,0.0024055897013012615
IR007_0,105,3,2.0,3.0,1797.0,Inner Race,Inner Race,7.957382458608287,33.82420968046657,-33.82420968046657,33.82420968046657,10.0,0.0025644469525384593
IR007_0,105,4,3.0,4.0,1797.0,Inner Race,Inner Race,8.734590769465443,34.168371041824784,-34.168371041824784,34.168371041824784,10.0,0.00258653419090031
IR007_0,105,5,4.0,5.0,1797.0,Inner Race,Inner Race,8.5658263755894,34.01683302763858,-34.01683302763858,34.01683302763858,10.0,0.0025739314537809675
IR007_0,105,6,5.0,6.0,1797.0,Inner Race,Inner Race,8.051620935839921,32.090990241252854,-32.090990241252854,32.090990241252854,10.0,0.0027871685516666256
IR007_0,105,7,6.0,7.0,1797.0,Inner Race,Inner Race,8.694980641772014,34.95681955434493,-34.95681955434493,34.95681955434493,10.0,0.0025426230962473434
IR007_0,105,8,7.0,8.0,1797.0,Inner Race,Inner Race,7.701568298444584,32.759618204270865,-32.759618204270865,32.759618204270865,10.0,0.0026921801608908585
IR007_0,105,9,8.0,9.0,1797.0,Inner Race,Inner Race,8.02137649427067,32.824042828826265,-32.824042828826265,32.824042828826265,10.0,0.0026391910572667286
IR007_0,105,10,9.0,10.0,1797.0,Inner Race,Inner Race,7.974705431566899,33.14159346224099,-33.14159346224099,33.14159346224099,10.0,0.0026859003461152994
Normal_0,97,1,0.0,1.0,1796.0,Normal,Normal,2.2903525787344248,2.5424716412131425,-2.5424716412131425,2.5424716412131425,10.0,0.0005595442644134878
Normal_0,97,2,1.0,2.0,1796.0,Normal,Normal,2.0167011777728487,2.5778413415525203,-2.5778413415525203,2.5778413415525203,10.0,0.0005594763420314929
Normal_0,97,3,2.0,3.0,1796.0,Normal,Normal,2.186598377492998,2.8439382088406404,-2.8439382088406404,2.8439382088406404,10.0,0.000549515413408813
Normal_0,97,4,3.0,4.0,1796.0,Normal,Normal,2.2488883133855175,2.7621130093320048,-2.7621130093320048,2.7621130093320048,10.0,0.0005832313478994689
Normal_0,97,5,4.0,5.0,1796.0,Normal,Normal,2.3240187614706276,2.868151161938789,-2.868151161938789,2.868151161938789,10.0,0.0005573816310716216
